NODES,,,,,,,,,,,,,,,,,,,,,
ID,X,Y,Z,,,,,,,,,,,,,,,,,,
1,0,0,6000,,,,,,,,,,,,,,,,,,
2,1500,1500,8121.3,,,,,,,,,,,,,,,,,,
3,0,1500,8121.3,,,,,,,,,,,,,,,,,,
4,0,0,8121.3,,,,,,,,,,,,,,,,,,
5,1500,0,8121.3,,,,,,,,,,,,,,,,,,
6,3000,0,6000,,,,,,,,,,,,,,,,,,
7,4500,1500,8121.3,,,,,,,,,,,,,,,,,,
8,4500,0,8121.3,,,,,,,,,,,,,,,,,,
9,6000,0,6000,,,,,,,,,,,,,,,,,,
10,7500,1500,8121.3,,,,,,,,,,,,,,,,,,
11,7500,0,8121.3,,,,,,,,,,,,,,,,,,
12,9000,0,6000,,,,,,,,,,,,,,,,,,
13,10500,1500,8121.3,,,,,,,,,,,,,,,,,,
14,10500,0,8121.3,,,,,,,,,,,,,,,,,,
15,12000,0,6000,,,,,,,,,,,,,,,,,,
16,13500,1500,8121.3,,,,,,,,,,,,,,,,,,
17,13500,0,8121.3,,,,,,,,,,,,,,,,,,
18,15000,0,6000,,,,,,,,,,,,,,,,,,
19,15000,1500,8121.3,,,,,,,,,,,,,,,,,,
20,15000,0,8121.3,,,,,,,,,,,,,,,,,,
21,0,3000,6000,,,,,,,,,,,,,,,,,,
22,1500,4500,8121.3,,,,,,,,,,,,,,,,,,
23,0,4500,8121.3,,,,,,,,,,,,,,,,,,
24,3000,3000,6000,,,,,,,,,,,,,,,,,,
25,4500,4500,8121.3,,,,,,,,,,,,,,,,,,
26,6000,3000,6000,,,,,,,,,,,,,,,,,,
27,7500,4500,8121.3,,,,,,,,,,,,,,,,,,
28,9000,3000,6000,,,,,,,,,,,,,,,,,,
29,10500,4500,8121.3,,,,,,,,,,,,,,,,,,
30,12000,3000,6000,,,,,,,,,,,,,,,,,,
31,13500,4500,8121.3,,,,,,,,,,,,,,,,,,
32,15000,3000,6000,,,,,,,,,,,,,,,,,,
33,15000,4500,8121.3,,,,,,,,,,,,,,,,,,
34,0,6000,6000,,,,,,,,,,,,,,,,,,
35,1500,7500,8121.3,,,,,,,,,,,,,,,,,,
36,0,7500,8121.3,,,,,,,,,,,,,,,,,,
37,3000,6000,6000,,,,,,,,,,,,,,,,,,
38,4500,7500,8121.3,,,,,,,,,,,,,,,,,,
39,6000,6000,6000,,,,,,,,,,,,,,,,,,
40,7500,7500,8121.3,,,,,,,,,,,,,,,,,,
41,9000,6000,6000,,,,,,,,,,,,,,,,,,
42,10500,7500,8121.3,,,,,,,,,,,,,,,,,,
43,12000,6000,6000,,,,,,,,,,,,,,,,,,
44,13500,7500,8121.3,,,,,,,,,,,,,,,,,,
45,15000,6000,6000,,,,,,,,,,,,,,,,,,
46,15000,7500,8121.3,,,,,,,,,,,,,,,,,,
47,0,9000,6000,,,,,,,,,,,,,,,,,,
48,1500,10500,8121.3,,,,,,,,,,,,,,,,,,
49,0,10500,8121.3,,,,,,,,,,,,,,,,,,
50,3000,9000,6000,,,,,,,,,,,,,,,,,,
51,4500,10500,8121.3,,,,,,,,,,,,,,,,,,
52,6000,9000,6000,,,,,,,,,,,,,,,,,,
53,7500,10500,8121.3,,,,,,,,,,,,,,,,,,
54,9000,9000,6000,,,,,,,,,,,,,,,,,,
55,10500,10500,8121.3,,,,,,,,,,,,,,,,,,
56,12000,9000,6000,,,,,,,,,,,,,,,,,,
57,13500,10500,8121.3,,,,,,,,,,,,,,,,,,
58,15000,9000,6000,,,,,,,,,,,,,,,,,,
59,15000,10500,8121.3,,,,,,,,,,,,,,,,,,
60,0,12000,6000,,,,,,,,,,,,,,,,,,
61,1500,13500,8121.3,,,,,,,,,,,,,,,,,,
62,0,13500,8121.3,,,,,,,,,,,,,,,,,,
63,3000,12000,6000,,,,,,,,,,,,,,,,,,
64,4500,13500,8121.3,,,,,,,,,,,,,,,,,,
65,6000,12000,6000,,,,,,,,,,,,,,,,,,
66,7500,13500,8121.3,,,,,,,,,,,,,,,,,,
67,9000,12000,6000,,,,,,,,,,,,,,,,,,
68,10500,13500,8121.3,,,,,,,,,,,,,,,,,,
69,12000,12000,6000,,,,,,,,,,,,,,,,,,
70,13500,13500,8121.3,,,,,,,,,,,,,,,,,,
71,15000,12000,6000,,,,,,,,,,,,,,,,,,
72,15000,13500,8121.3,,,,,,,,,,,,,,,,,,
73,0,15000,6000,,,,,,,,,,,,,,,,,,
74,1500,15000,8121.3,,,,,,,,,,,,,,,,,,
75,0,15000,8121.3,,,,,,,,,,,,,,,,,,
76,3000,15000,6000,,,,,,,,,,,,,,,,,,
77,4500,15000,8121.3,,,,,,,,,,,,,,,,,,
78,6000,15000,6000,,,,,,,,,,,,,,,,,,
79,7500,15000,8121.3,,,,,,,,,,,,,,,,,,
80,9000,15000,6000,,,,,,,,,,,,,,,,,,
81,10500,15000,8121.3,,,,,,,,,,,,,,,,,,
82,12000,15000,6000,,,,,,,,,,,,,,,,,,
83,13500,15000,8121.3,,,,,,,,,,,,,,,,,,
84,15000,15000,6000,,,,,,,,,,,,,,,,,,
85,15000,15000,8121.3,,,,,,,,,,,,,,,,,,
86,0,0,0,,,,,,,,,,,,,,,,,,
87,15000,0,0,,,,,,,,,,,,,,,,,,
88,0,15000,0,,,,,,,,,,,,,,,,,,
89,15000,15000,0,,,,,,,,,,,,,,,,,,
ELEMENTS,,,,,,,,,,,,,,,,,,,,,
ID,J Node,K Node,Section ID,Material ID,,,,,,,,,,,,,,,,,
1,1,2,5,1,,,,,,,,,,,,,,,,,
2,1,3,5,1,,,,,,,,,,,,,,,,,
3,1,4,5,1,,,,,,,,,,,,,,,,,
4,1,5,5,1,,,,,,,,,,,,,,,,,
5,6,7,5,1,,,,,,,,,,,,,,,,,
6,6,2,5,1,,,,,,,,,,,,,,,,,
7,6,5,5,1,,,,,,,,,,,,,,,,,
8,6,8,5,1,,,,,,,,,,,,,,,,,
9,9,10,5,1,,,,,,,,,,,,,,,,,
10,9,7,5,1,,,,,,,,,,,,,,,,,
11,9,8,5,1,,,,,,,,,,,,,,,,,
12,9,11,5,1,,,,,,,,,,,,,,,,,
13,12,13,5,1,,,,,,,,,,,,,,,,,
14,12,10,5,1,,,,,,,,,,,,,,,,,
15,12,11,5,1,,,,,,,,,,,,,,,,,
16,12,14,5,1,,,,,,,,,,,,,,,,,
17,15,16,5,1,,,,,,,,,,,,,,,,,
18,15,13,5,1,,,,,,,,,,,,,,,,,
19,15,14,5,1,,,,,,,,,,,,,,,,,
20,15,17,5,1,,,,,,,,,,,,,,,,,
21,18,19,5,1,,,,,,,,,,,,,,,,,
22,18,16,5,1,,,,,,,,,,,,,,,,,
23,18,17,5,1,,,,,,,,,,,,,,,,,
24,18,20,5,1,,,,,,,,,,,,,,,,,
25,21,22,5,1,,,,,,,,,,,,,,,,,
26,21,23,5,1,,,,,,,,,,,,,,,,,
27,21,3,5,1,,,,,,,,,,,,,,,,,
28,21,2,5,1,,,,,,,,,,,,,,,,,
29,24,25,5,1,,,,,,,,,,,,,,,,,
30,24,22,5,1,,,,,,,,,,,,,,,,,
31,24,2,5,1,,,,,,,,,,,,,,,,,
32,24,7,5,1,,,,,,,,,,,,,,,,,
33,26,27,5,1,,,,,,,,,,,,,,,,,
34,26,25,5,1,,,,,,,,,,,,,,,,,
35,26,7,5,1,,,,,,,,,,,,,,,,,
36,26,10,5,1,,,,,,,,,,,,,,,,,
37,28,29,5,1,,,,,,,,,,,,,,,,,
38,28,27,5,1,,,,,,,,,,,,,,,,,
39,28,10,5,1,,,,,,,,,,,,,,,,,
40,28,13,5,1,,,,,,,,,,,,,,,,,
41,30,31,5,1,,,,,,,,,,,,,,,,,
42,30,29,5,1,,,,,,,,,,,,,,,,,
43,30,13,5,1,,,,,,,,,,,,,,,,,
44,30,16,5,1,,,,,,,,,,,,,,,,,
45,32,33,5,1,,,,,,,,,,,,,,,,,
46,32,31,5,1,,,,,,,,,,,,,,,,,
47,32,16,5,1,,,,,,,,,,,,,,,,,
48,32,19,5,1,,,,,,,,,,,,,,,,,
49,34,35,5,1,,,,,,,,,,,,,,,,,
50,34,36,5,1,,,,,,,,,,,,,,,,,
51,34,23,5,1,,,,,,,,,,,,,,,,,
52,34,22,5,1,,,,,,,,,,,,,,,,,
53,37,38,5,1,,,,,,,,,,,,,,,,,
54,37,35,5,1,,,,,,,,,,,,,,,,,
55,37,22,5,1,,,,,,,,,,,,,,,,,
56,37,25,5,1,,,,,,,,,,,,,,,,,
57,39,40,5,1,,,,,,,,,,,,,,,,,
58,39,38,5,1,,,,,,,,,,,,,,,,,
59,39,25,5,1,,,,,,,,,,,,,,,,,
60,39,27,5,1,,,,,,,,,,,,,,,,,
61,41,42,5,1,,,,,,,,,,,,,,,,,
62,41,40,5,1,,,,,,,,,,,,,,,,,
63,41,27,5,1,,,,,,,,,,,,,,,,,
64,41,29,5,1,,,,,,,,,,,,,,,,,
65,43,44,5,1,,,,,,,,,,,,,,,,,
66,43,42,5,1,,,,,,,,,,,,,,,,,
67,43,29,5,1,,,,,,,,,,,,,,,,,
68,43,31,5,1,,,,,,,,,,,,,,,,,
69,45,46,5,1,,,,,,,,,,,,,,,,,
70,45,44,5,1,,,,,,,,,,,,,,,,,
71,45,31,5,1,,,,,,,,,,,,,,,,,
72,45,33,5,1,,,,,,,,,,,,,,,,,
73,47,48,5,1,,,,,,,,,,,,,,,,,
74,47,49,5,1,,,,,,,,,,,,,,,,,
75,47,36,5,1,,,,,,,,,,,,,,,,,
76,47,35,5,1,,,,,,,,,,,,,,,,,
77,50,51,5,1,,,,,,,,,,,,,,,,,
78,50,48,5,1,,,,,,,,,,,,,,,,,
79,50,35,5,1,,,,,,,,,,,,,,,,,
80,50,38,5,1,,,,,,,,,,,,,,,,,
81,52,53,5,1,,,,,,,,,,,,,,,,,
82,52,51,5,1,,,,,,,,,,,,,,,,,
83,52,38,5,1,,,,,,,,,,,,,,,,,
84,52,40,5,1,,,,,,,,,,,,,,,,,
85,54,55,5,1,,,,,,,,,,,,,,,,,
86,54,53,5,1,,,,,,,,,,,,,,,,,
87,54,40,5,1,,,,,,,,,,,,,,,,,
88,54,42,5,1,,,,,,,,,,,,,,,,,
89,56,57,5,1,,,,,,,,,,,,,,,,,
90,56,55,5,1,,,,,,,,,,,,,,,,,
91,56,42,5,1,,,,,,,,,,,,,,,,,
92,56,44,5,1,,,,,,,,,,,,,,,,,
93,58,59,5,1,,,,,,,,,,,,,,,,,
94,58,57,5,1,,,,,,,,,,,,,,,,,
95,58,44,5,1,,,,,,,,,,,,,,,,,
96,58,46,5,1,,,,,,,,,,,,,,,,,
97,60,61,5,1,,,,,,,,,,,,,,,,,
98,60,62,5,1,,,,,,,,,,,,,,,,,
99,60,49,5,1,,,,,,,,,,,,,,,,,
100,60,48,5,1,,,,,,,,,,,,,,,,,
101,63,64,5,1,,,,,,,,,,,,,,,,,
102,63,61,5,1,,,,,,,,,,,,,,,,,
103,63,48,5,1,,,,,,,,,,,,,,,,,
104,63,51,5,1,,,,,,,,,,,,,,,,,
105,65,66,5,1,,,,,,,,,,,,,,,,,
106,65,64,5,1,,,,,,,,,,,,,,,,,
107,65,51,5,1,,,,,,,,,,,,,,,,,
108,65,53,5,1,,,,,,,,,,,,,,,,,
109,67,68,5,1,,,,,,,,,,,,,,,,,
110,67,66,5,1,,,,,,,,,,,,,,,,,
111,67,53,5,1,,,,,,,,,,,,,,,,,
112,67,55,5,1,,,,,,,,,,,,,,,,,
113,69,70,5,1,,,,,,,,,,,,,,,,,
114,69,68,5,1,,,,,,,,,,,,,,,,,
115,69,55,5,1,,,,,,,,,,,,,,,,,
116,69,57,5,1,,,,,,,,,,,,,,,,,
117,71,72,5,1,,,,,,,,,,,,,,,,,
118,71,70,5,1,,,,,,,,,,,,,,,,,
119,71,57,5,1,,,,,,,,,,,,,,,,,
120,71,59,5,1,,,,,,,,,,,,,,,,,
121,73,74,5,1,,,,,,,,,,,,,,,,,
122,73,75,5,1,,,,,,,,,,,,,,,,,
123,73,62,5,1,,,,,,,,,,,,,,,,,
124,73,61,5,1,,,,,,,,,,,,,,,,,
125,76,77,5,1,,,,,,,,,,,,,,,,,
126,76,74,5,1,,,,,,,,,,,,,,,,,
127,76,61,5,1,,,,,,,,,,,,,,,,,
128,76,64,5,1,,,,,,,,,,,,,,,,,
129,78,79,5,1,,,,,,,,,,,,,,,,,
130,78,77,5,1,,,,,,,,,,,,,,,,,
131,78,64,5,1,,,,,,,,,,,,,,,,,
132,78,66,5,1,,,,,,,,,,,,,,,,,
133,80,81,5,1,,,,,,,,,,,,,,,,,
134,80,79,5,1,,,,,,,,,,,,,,,,,
135,80,66,5,1,,,,,,,,,,,,,,,,,
136,80,68,5,1,,,,,,,,,,,,,,,,,
137,82,83,5,1,,,,,,,,,,,,,,,,,
138,82,81,5,1,,,,,,,,,,,,,,,,,
139,82,68,5,1,,,,,,,,,,,,,,,,,
140,82,70,5,1,,,,,,,,,,,,,,,,,
141,84,85,5,1,,,,,,,,,,,,,,,,,
142,84,83,5,1,,,,,,,,,,,,,,,,,
143,84,70,5,1,,,,,,,,,,,,,,,,,
144,84,72,5,1,,,,,,,,,,,,,,,,,
145,4,5,5,1,,,,,,,,,,,,,,,,,
146,5,8,5,1,,,,,,,,,,,,,,,,,
147,8,11,5,1,,,,,,,,,,,,,,,,,
148,11,14,5,1,,,,,,,,,,,,,,,,,
149,14,17,5,1,,,,,,,,,,,,,,,,,
150,17,20,5,1,,,,,,,,,,,,,,,,,
151,3,2,5,1,,,,,,,,,,,,,,,,,
152,2,7,5,1,,,,,,,,,,,,,,,,,
153,7,10,5,1,,,,,,,,,,,,,,,,,
154,10,13,5,1,,,,,,,,,,,,,,,,,
155,13,16,5,1,,,,,,,,,,,,,,,,,
156,16,19,5,1,,,,,,,,,,,,,,,,,
157,23,22,5,1,,,,,,,,,,,,,,,,,
158,22,25,5,1,,,,,,,,,,,,,,,,,
159,25,27,5,1,,,,,,,,,,,,,,,,,
160,27,29,5,1,,,,,,,,,,,,,,,,,
161,29,31,5,1,,,,,,,,,,,,,,,,,
162,31,33,5,1,,,,,,,,,,,,,,,,,
163,36,35,5,1,,,,,,,,,,,,,,,,,
164,35,38,5,1,,,,,,,,,,,,,,,,,
165,38,40,5,1,,,,,,,,,,,,,,,,,
166,40,42,5,1,,,,,,,,,,,,,,,,,
167,42,44,5,1,,,,,,,,,,,,,,,,,
168,44,46,5,1,,,,,,,,,,,,,,,,,
169,49,48,5,1,,,,,,,,,,,,,,,,,
170,48,51,5,1,,,,,,,,,,,,,,,,,
171,51,53,5,1,,,,,,,,,,,,,,,,,
172,53,55,5,1,,,,,,,,,,,,,,,,,
173,55,57,5,1,,,,,,,,,,,,,,,,,
174,57,59,5,1,,,,,,,,,,,,,,,,,
175,62,61,5,1,,,,,,,,,,,,,,,,,
176,61,64,5,1,,,,,,,,,,,,,,,,,
177,64,66,5,1,,,,,,,,,,,,,,,,,
178,66,68,5,1,,,,,,,,,,,,,,,,,
179,68,70,5,1,,,,,,,,,,,,,,,,,
180,70,72,5,1,,,,,,,,,,,,,,,,,
181,75,74,5,1,,,,,,,,,,,,,,,,,
182,74,77,5,1,,,,,,,,,,,,,,,,,
183,77,79,5,1,,,,,,,,,,,,,,,,,
184,79,81,5,1,,,,,,,,,,,,,,,,,
185,81,83,5,1,,,,,,,,,,,,,,,,,
186,83,85,5,1,,,,,,,,,,,,,,,,,
187,4,3,5,1,,,,,,,,,,,,,,,,,
188,5,2,5,1,,,,,,,,,,,,,,,,,
189,8,7,5,1,,,,,,,,,,,,,,,,,
190,11,10,5,1,,,,,,,,,,,,,,,,,
191,14,13,5,1,,,,,,,,,,,,,,,,,
192,17,16,5,1,,,,,,,,,,,,,,,,,
193,20,19,5,1,,,,,,,,,,,,,,,,,
194,3,23,5,1,,,,,,,,,,,,,,,,,
195,2,22,5,1,,,,,,,,,,,,,,,,,
196,7,25,5,1,,,,,,,,,,,,,,,,,
197,10,27,5,1,,,,,,,,,,,,,,,,,
198,13,29,5,1,,,,,,,,,,,,,,,,,
199,16,31,5,1,,,,,,,,,,,,,,,,,
200,19,33,5,1,,,,,,,,,,,,,,,,,
201,23,36,5,1,,,,,,,,,,,,,,,,,
202,22,35,5,1,,,,,,,,,,,,,,,,,
203,25,38,5,1,,,,,,,,,,,,,,,,,
204,27,40,5,1,,,,,,,,,,,,,,,,,
205,29,42,5,1,,,,,,,,,,,,,,,,,
206,31,44,5,1,,,,,,,,,,,,,,,,,
207,33,46,5,1,,,,,,,,,,,,,,,,,
208,36,49,5,1,,,,,,,,,,,,,,,,,
209,35,48,5,1,,,,,,,,,,,,,,,,,
210,38,51,5,1,,,,,,,,,,,,,,,,,
211,40,53,5,1,,,,,,,,,,,,,,,,,
212,42,55,5,1,,,,,,,,,,,,,,,,,
213,44,57,5,1,,,,,,,,,,,,,,,,,
214,46,59,5,1,,,,,,,,,,,,,,,,,
215,49,62,5,1,,,,,,,,,,,,,,,,,
216,48,61,5,1,,,,,,,,,,,,,,,,,
217,51,64,5,1,,,,,,,,,,,,,,,,,
218,53,66,5,1,,,,,,,,,,,,,,,,,
219,55,68,5,1,,,,,,,,,,,,,,,,,
220,57,70,5,1,,,,,,,,,,,,,,,,,
221,59,72,5,1,,,,,,,,,,,,,,,,,
222,62,75,5,1,,,,,,,,,,,,,,,,,
223,61,74,5,1,,,,,,,,,,,,,,,,,
224,64,77,5,1,,,,,,,,,,,,,,,,,
225,66,79,5,1,,,,,,,,,,,,,,,,,
226,68,81,5,1,,,,,,,,,,,,,,,,,
227,70,83,5,1,,,,,,,,,,,,,,,,,
228,72,85,5,1,,,,,,,,,,,,,,,,,
229,1,6,5,1,,,,,,,,,,,,,,,,,
230,6,9,5,1,,,,,,,,,,,,,,,,,
231,9,12,5,1,,,,,,,,,,,,,,,,,
232,12,15,5,1,,,,,,,,,,,,,,,,,
233,15,18,5,1,,,,,,,,,,,,,,,,,
234,21,24,5,1,,,,,,,,,,,,,,,,,
235,24,26,5,1,,,,,,,,,,,,,,,,,
236,26,28,5,1,,,,,,,,,,,,,,,,,
237,28,30,5,1,,,,,,,,,,,,,,,,,
238,30,32,5,1,,,,,,,,,,,,,,,,,
239,34,37,5,1,,,,,,,,,,,,,,,,,
240,37,39,5,1,,,,,,,,,,,,,,,,,
241,39,41,5,1,,,,,,,,,,,,,,,,,
242,41,43,5,1,,,,,,,,,,,,,,,,,
243,43,45,5,1,,,,,,,,,,,,,,,,,
244,47,50,5,1,,,,,,,,,,,,,,,,,
245,50,52,5,1,,,,,,,,,,,,,,,,,
246,52,54,5,1,,,,,,,,,,,,,,,,,
247,54,56,5,1,,,,,,,,,,,,,,,,,
248,56,58,5,1,,,,,,,,,,,,,,,,,
249,60,63,5,1,,,,,,,,,,,,,,,,,
250,63,65,5,1,,,,,,,,,,,,,,,,,
251,65,67,5,1,,,,,,,,,,,,,,,,,
252,67,69,5,1,,,,,,,,,,,,,,,,,
253,69,71,5,1,,,,,,,,,,,,,,,,,
254,73,76,5,1,,,,,,,,,,,,,,,,,
255,76,78,5,1,,,,,,,,,,,,,,,,,
256,78,80,5,1,,,,,,,,,,,,,,,,,
257,80,82,5,1,,,,,,,,,,,,,,,,,
258,82,84,5,1,,,,,,,,,,,,,,,,,
259,1,21,5,1,,,,,,,,,,,,,,,,,
260,6,24,5,1,,,,,,,,,,,,,,,,,
261,9,26,5,1,,,,,,,,,,,,,,,,,
262,12,28,5,1,,,,,,,,,,,,,,,,,
263,15,30,5,1,,,,,,,,,,,,,,,,,
264,18,32,5,1,,,,,,,,,,,,,,,,,
265,21,34,5,1,,,,,,,,,,,,,,,,,
266,24,37,5,1,,,,,,,,,,,,,,,,,
267,26,39,5,1,,,,,,,,,,,,,,,,,
268,28,41,5,1,,,,,,,,,,,,,,,,,
269,30,43,5,1,,,,,,,,,,,,,,,,,
270,32,45,5,1,,,,,,,,,,,,,,,,,
271,34,47,5,1,,,,,,,,,,,,,,,,,
272,37,50,5,1,,,,,,,,,,,,,,,,,
273,39,52,5,1,,,,,,,,,,,,,,,,,
274,41,54,5,1,,,,,,,,,,,,,,,,,
275,43,56,5,1,,,,,,,,,,,,,,,,,
276,45,58,5,1,,,,,,,,,,,,,,,,,
277,47,60,5,1,,,,,,,,,,,,,,,,,
278,50,63,5,1,,,,,,,,,,,,,,,,,
279,52,65,5,1,,,,,,,,,,,,,,,,,
280,54,67,5,1,,,,,,,,,,,,,,,,,
281,56,69,5,1,,,,,,,,,,,,,,,,,
282,58,71,5,1,,,,,,,,,,,,,,,,,
283,60,73,5,1,,,,,,,,,,,,,,,,,
284,63,76,5,1,,,,,,,,,,,,,,,,,
285,65,78,5,1,,,,,,,,,,,,,,,,,
286,67,80,5,1,,,,,,,,,,,,,,,,,
287,69,82,5,1,,,,,,,,,,,,,,,,,
288,71,84,5,1,,,,,,,,,,,,,,,,,
289,86,1,5,1,,,,,,,,,,,,,,,,,
290,87,18,5,1,,,,,,,,,,,,,,,,,
291,88,73,5,1,,,,,,,,,,,,,,,,,
292,89,84,5,1,,,,,,,,,,,,,,,,,
END RELEASES,,,,,,,,,,,,,,,,,,,,,
Element ID,Node ID,Tx,Ty,Tz,Rx,Ry,Rz,,,,,,,,,,,,,,
1,1,0,0,0,1,1,1,,,,,,,,,,,,,,
1,2,0,0,0,1,1,1,,,,,,,,,,,,,,
2,1,0,0,0,1,1,1,,,,,,,,,,,,,,
2,3,0,0,0,1,1,1,,,,,,,,,,,,,,
3,1,0,0,0,1,1,1,,,,,,,,,,,,,,
3,4,0,0,0,1,1,1,,,,,,,,,,,,,,
4,1,0,0,0,1,1,1,,,,,,,,,,,,,,
4,5,0,0,0,1,1,1,,,,,,,,,,,,,,
5,6,0,0,0,1,1,1,,,,,,,,,,,,,,
5,7,0,0,0,1,1,1,,,,,,,,,,,,,,
6,6,0,0,0,1,1,1,,,,,,,,,,,,,,
6,2,0,0,0,1,1,1,,,,,,,,,,,,,,
7,6,0,0,0,1,1,1,,,,,,,,,,,,,,
7,5,0,0,0,1,1,1,,,,,,,,,,,,,,
8,6,0,0,0,1,1,1,,,,,,,,,,,,,,
8,8,0,0,0,1,1,1,,,,,,,,,,,,,,
9,9,0,0,0,1,1,1,,,,,,,,,,,,,,
9,10,0,0,0,1,1,1,,,,,,,,,,,,,,
10,9,0,0,0,1,1,1,,,,,,,,,,,,,,
10,7,0,0,0,1,1,1,,,,,,,,,,,,,,
11,9,0,0,0,1,1,1,,,,,,,,,,,,,,
11,8,0,0,0,1,1,1,,,,,,,,,,,,,,
12,9,0,0,0,1,1,1,,,,,,,,,,,,,,
12,11,0,0,0,1,1,1,,,,,,,,,,,,,,
13,12,0,0,0,1,1,1,,,,,,,,,,,,,,
13,13,0,0,0,1,1,1,,,,,,,,,,,,,,
14,12,0,0,0,1,1,1,,,,,,,,,,,,,,
14,10,0,0,0,1,1,1,,,,,,,,,,,,,,
15,12,0,0,0,1,1,1,,,,,,,,,,,,,,
15,11,0,0,0,1,1,1,,,,,,,,,,,,,,
16,12,0,0,0,1,1,1,,,,,,,,,,,,,,
16,14,0,0,0,1,1,1,,,,,,,,,,,,,,
17,15,0,0,0,1,1,1,,,,,,,,,,,,,,
17,16,0,0,0,1,1,1,,,,,,,,,,,,,,
18,15,0,0,0,1,1,1,,,,,,,,,,,,,,
18,13,0,0,0,1,1,1,,,,,,,,,,,,,,
19,15,0,0,0,1,1,1,,,,,,,,,,,,,,
19,14,0,0,0,1,1,1,,,,,,,,,,,,,,
20,15,0,0,0,1,1,1,,,,,,,,,,,,,,
20,17,0,0,0,1,1,1,,,,,,,,,,,,,,
21,18,0,0,0,1,1,1,,,,,,,,,,,,,,
21,19,0,0,0,1,1,1,,,,,,,,,,,,,,
22,18,0,0,0,1,1,1,,,,,,,,,,,,,,
22,16,0,0,0,1,1,1,,,,,,,,,,,,,,
23,18,0,0,0,1,1,1,,,,,,,,,,,,,,
23,17,0,0,0,1,1,1,,,,,,,,,,,,,,
24,18,0,0,0,1,1,1,,,,,,,,,,,,,,
24,20,0,0,0,1,1,1,,,,,,,,,,,,,,
25,21,0,0,0,1,1,1,,,,,,,,,,,,,,
25,22,0,0,0,1,1,1,,,,,,,,,,,,,,
26,21,0,0,0,1,1,1,,,,,,,,,,,,,,
26,23,0,0,0,1,1,1,,,,,,,,,,,,,,
27,21,0,0,0,1,1,1,,,,,,,,,,,,,,
27,3,0,0,0,1,1,1,,,,,,,,,,,,,,
28,21,0,0,0,1,1,1,,,,,,,,,,,,,,
28,2,0,0,0,1,1,1,,,,,,,,,,,,,,
29,24,0,0,0,1,1,1,,,,,,,,,,,,,,
29,25,0,0,0,1,1,1,,,,,,,,,,,,,,
30,24,0,0,0,1,1,1,,,,,,,,,,,,,,
30,22,0,0,0,1,1,1,,,,,,,,,,,,,,
31,24,0,0,0,1,1,1,,,,,,,,,,,,,,
31,2,0,0,0,1,1,1,,,,,,,,,,,,,,
32,24,0,0,0,1,1,1,,,,,,,,,,,,,,
32,7,0,0,0,1,1,1,,,,,,,,,,,,,,
33,26,0,0,0,1,1,1,,,,,,,,,,,,,,
33,27,0,0,0,1,1,1,,,,,,,,,,,,,,
34,26,0,0,0,1,1,1,,,,,,,,,,,,,,
34,25,0,0,0,1,1,1,,,,,,,,,,,,,,
35,26,0,0,0,1,1,1,,,,,,,,,,,,,,
35,7,0,0,0,1,1,1,,,,,,,,,,,,,,
36,26,0,0,0,1,1,1,,,,,,,,,,,,,,
36,10,0,0,0,1,1,1,,,,,,,,,,,,,,
37,28,0,0,0,1,1,1,,,,,,,,,,,,,,
37,29,0,0,0,1,1,1,,,,,,,,,,,,,,
38,28,0,0,0,1,1,1,,,,,,,,,,,,,,
38,27,0,0,0,1,1,1,,,,,,,,,,,,,,
39,28,0,0,0,1,1,1,,,,,,,,,,,,,,
39,10,0,0,0,1,1,1,,,,,,,,,,,,,,
40,28,0,0,0,1,1,1,,,,,,,,,,,,,,
40,13,0,0,0,1,1,1,,,,,,,,,,,,,,
41,30,0,0,0,1,1,1,,,,,,,,,,,,,,
41,31,0,0,0,1,1,1,,,,,,,,,,,,,,
42,30,0,0,0,1,1,1,,,,,,,,,,,,,,
42,29,0,0,0,1,1,1,,,,,,,,,,,,,,
43,30,0,0,0,1,1,1,,,,,,,,,,,,,,
43,13,0,0,0,1,1,1,,,,,,,,,,,,,,
44,30,0,0,0,1,1,1,,,,,,,,,,,,,,
44,16,0,0,0,1,1,1,,,,,,,,,,,,,,
45,32,0,0,0,1,1,1,,,,,,,,,,,,,,
45,33,0,0,0,1,1,1,,,,,,,,,,,,,,
46,32,0,0,0,1,1,1,,,,,,,,,,,,,,
46,31,0,0,0,1,1,1,,,,,,,,,,,,,,
47,32,0,0,0,1,1,1,,,,,,,,,,,,,,
47,16,0,0,0,1,1,1,,,,,,,,,,,,,,
48,32,0,0,0,1,1,1,,,,,,,,,,,,,,
48,19,0,0,0,1,1,1,,,,,,,,,,,,,,
49,34,0,0,0,1,1,1,,,,,,,,,,,,,,
49,35,0,0,0,1,1,1,,,,,,,,,,,,,,
50,34,0,0,0,1,1,1,,,,,,,,,,,,,,
50,36,0,0,0,1,1,1,,,,,,,,,,,,,,
51,34,0,0,0,1,1,1,,,,,,,,,,,,,,
51,23,0,0,0,1,1,1,,,,,,,,,,,,,,
52,34,0,0,0,1,1,1,,,,,,,,,,,,,,
52,22,0,0,0,1,1,1,,,,,,,,,,,,,,
53,37,0,0,0,1,1,1,,,,,,,,,,,,,,
53,38,0,0,0,1,1,1,,,,,,,,,,,,,,
54,37,0,0,0,1,1,1,,,,,,,,,,,,,,
54,35,0,0,0,1,1,1,,,,,,,,,,,,,,
55,37,0,0,0,1,1,1,,,,,,,,,,,,,,
55,22,0,0,0,1,1,1,,,,,,,,,,,,,,
56,37,0,0,0,1,1,1,,,,,,,,,,,,,,
56,25,0,0,0,1,1,1,,,,,,,,,,,,,,
57,39,0,0,0,1,1,1,,,,,,,,,,,,,,
57,40,0,0,0,1,1,1,,,,,,,,,,,,,,
58,39,0,0,0,1,1,1,,,,,,,,,,,,,,
58,38,0,0,0,1,1,1,,,,,,,,,,,,,,
59,39,0,0,0,1,1,1,,,,,,,,,,,,,,
59,25,0,0,0,1,1,1,,,,,,,,,,,,,,
60,39,0,0,0,1,1,1,,,,,,,,,,,,,,
60,27,0,0,0,1,1,1,,,,,,,,,,,,,,
61,41,0,0,0,1,1,1,,,,,,,,,,,,,,
61,42,0,0,0,1,1,1,,,,,,,,,,,,,,
62,41,0,0,0,1,1,1,,,,,,,,,,,,,,
62,40,0,0,0,1,1,1,,,,,,,,,,,,,,
63,41,0,0,0,1,1,1,,,,,,,,,,,,,,
63,27,0,0,0,1,1,1,,,,,,,,,,,,,,
64,41,0,0,0,1,1,1,,,,,,,,,,,,,,
64,29,0,0,0,1,1,1,,,,,,,,,,,,,,
65,43,0,0,0,1,1,1,,,,,,,,,,,,,,
65,44,0,0,0,1,1,1,,,,,,,,,,,,,,
66,43,0,0,0,1,1,1,,,,,,,,,,,,,,
66,42,0,0,0,1,1,1,,,,,,,,,,,,,,
67,43,0,0,0,1,1,1,,,,,,,,,,,,,,
67,29,0,0,0,1,1,1,,,,,,,,,,,,,,
68,43,0,0,0,1,1,1,,,,,,,,,,,,,,
68,31,0,0,0,1,1,1,,,,,,,,,,,,,,
69,45,0,0,0,1,1,1,,,,,,,,,,,,,,
69,46,0,0,0,1,1,1,,,,,,,,,,,,,,
70,45,0,0,0,1,1,1,,,,,,,,,,,,,,
70,44,0,0,0,1,1,1,,,,,,,,,,,,,,
71,45,0,0,0,1,1,1,,,,,,,,,,,,,,
71,31,0,0,0,1,1,1,,,,,,,,,,,,,,
72,45,0,0,0,1,1,1,,,,,,,,,,,,,,
72,33,0,0,0,1,1,1,,,,,,,,,,,,,,
73,47,0,0,0,1,1,1,,,,,,,,,,,,,,
73,48,0,0,0,1,1,1,,,,,,,,,,,,,,
74,47,0,0,0,1,1,1,,,,,,,,,,,,,,
74,49,0,0,0,1,1,1,,,,,,,,,,,,,,
75,47,0,0,0,1,1,1,,,,,,,,,,,,,,
75,36,0,0,0,1,1,1,,,,,,,,,,,,,,
76,47,0,0,0,1,1,1,,,,,,,,,,,,,,
76,35,0,0,0,1,1,1,,,,,,,,,,,,,,
77,50,0,0,0,1,1,1,,,,,,,,,,,,,,
77,51,0,0,0,1,1,1,,,,,,,,,,,,,,
78,50,0,0,0,1,1,1,,,,,,,,,,,,,,
78,48,0,0,0,1,1,1,,,,,,,,,,,,,,
79,50,0,0,0,1,1,1,,,,,,,,,,,,,,
79,35,0,0,0,1,1,1,,,,,,,,,,,,,,
80,50,0,0,0,1,1,1,,,,,,,,,,,,,,
80,38,0,0,0,1,1,1,,,,,,,,,,,,,,
81,52,0,0,0,1,1,1,,,,,,,,,,,,,,
81,53,0,0,0,1,1,1,,,,,,,,,,,,,,
82,52,0,0,0,1,1,1,,,,,,,,,,,,,,
82,51,0,0,0,1,1,1,,,,,,,,,,,,,,
83,52,0,0,0,1,1,1,,,,,,,,,,,,,,
83,38,0,0,0,1,1,1,,,,,,,,,,,,,,
84,52,0,0,0,1,1,1,,,,,,,,,,,,,,
84,40,0,0,0,1,1,1,,,,,,,,,,,,,,
85,54,0,0,0,1,1,1,,,,,,,,,,,,,,
85,55,0,0,0,1,1,1,,,,,,,,,,,,,,
86,54,0,0,0,1,1,1,,,,,,,,,,,,,,
86,53,0,0,0,1,1,1,,,,,,,,,,,,,,
87,54,0,0,0,1,1,1,,,,,,,,,,,,,,
87,40,0,0,0,1,1,1,,,,,,,,,,,,,,
88,54,0,0,0,1,1,1,,,,,,,,,,,,,,
88,42,0,0,0,1,1,1,,,,,,,,,,,,,,
89,56,0,0,0,1,1,1,,,,,,,,,,,,,,
89,57,0,0,0,1,1,1,,,,,,,,,,,,,,
90,56,0,0,0,1,1,1,,,,,,,,,,,,,,
90,55,0,0,0,1,1,1,,,,,,,,,,,,,,
91,56,0,0,0,1,1,1,,,,,,,,,,,,,,
91,42,0,0,0,1,1,1,,,,,,,,,,,,,,
92,56,0,0,0,1,1,1,,,,,,,,,,,,,,
92,44,0,0,0,1,1,1,,,,,,,,,,,,,,
93,58,0,0,0,1,1,1,,,,,,,,,,,,,,
93,59,0,0,0,1,1,1,,,,,,,,,,,,,,
94,58,0,0,0,1,1,1,,,,,,,,,,,,,,
94,57,0,0,0,1,1,1,,,,,,,,,,,,,,
95,58,0,0,0,1,1,1,,,,,,,,,,,,,,
95,44,0,0,0,1,1,1,,,,,,,,,,,,,,
96,58,0,0,0,1,1,1,,,,,,,,,,,,,,
96,46,0,0,0,1,1,1,,,,,,,,,,,,,,
97,60,0,0,0,1,1,1,,,,,,,,,,,,,,
97,61,0,0,0,1,1,1,,,,,,,,,,,,,,
98,60,0,0,0,1,1,1,,,,,,,,,,,,,,
98,62,0,0,0,1,1,1,,,,,,,,,,,,,,
99,60,0,0,0,1,1,1,,,,,,,,,,,,,,
99,49,0,0,0,1,1,1,,,,,,,,,,,,,,
100,60,0,0,0,1,1,1,,,,,,,,,,,,,,
100,48,0,0,0,1,1,1,,,,,,,,,,,,,,
101,63,0,0,0,1,1,1,,,,,,,,,,,,,,
101,64,0,0,0,1,1,1,,,,,,,,,,,,,,
102,63,0,0,0,1,1,1,,,,,,,,,,,,,,
102,61,0,0,0,1,1,1,,,,,,,,,,,,,,
103,63,0,0,0,1,1,1,,,,,,,,,,,,,,
103,48,0,0,0,1,1,1,,,,,,,,,,,,,,
104,63,0,0,0,1,1,1,,,,,,,,,,,,,,
104,51,0,0,0,1,1,1,,,,,,,,,,,,,,
105,65,0,0,0,1,1,1,,,,,,,,,,,,,,
105,66,0,0,0,1,1,1,,,,,,,,,,,,,,
106,65,0,0,0,1,1,1,,,,,,,,,,,,,,
106,64,0,0,0,1,1,1,,,,,,,,,,,,,,
107,65,0,0,0,1,1,1,,,,,,,,,,,,,,
107,51,0,0,0,1,1,1,,,,,,,,,,,,,,
108,65,0,0,0,1,1,1,,,,,,,,,,,,,,
108,53,0,0,0,1,1,1,,,,,,,,,,,,,,
109,67,0,0,0,1,1,1,,,,,,,,,,,,,,
109,68,0,0,0,1,1,1,,,,,,,,,,,,,,
110,67,0,0,0,1,1,1,,,,,,,,,,,,,,
110,66,0,0,0,1,1,1,,,,,,,,,,,,,,
111,67,0,0,0,1,1,1,,,,,,,,,,,,,,
111,53,0,0,0,1,1,1,,,,,,,,,,,,,,
112,67,0,0,0,1,1,1,,,,,,,,,,,,,,
112,55,0,0,0,1,1,1,,,,,,,,,,,,,,
113,69,0,0,0,1,1,1,,,,,,,,,,,,,,
113,70,0,0,0,1,1,1,,,,,,,,,,,,,,
114,69,0,0,0,1,1,1,,,,,,,,,,,,,,
114,68,0,0,0,1,1,1,,,,,,,,,,,,,,
115,69,0,0,0,1,1,1,,,,,,,,,,,,,,
115,55,0,0,0,1,1,1,,,,,,,,,,,,,,
116,69,0,0,0,1,1,1,,,,,,,,,,,,,,
116,57,0,0,0,1,1,1,,,,,,,,,,,,,,
117,71,0,0,0,1,1,1,,,,,,,,,,,,,,
117,72,0,0,0,1,1,1,,,,,,,,,,,,,,
118,71,0,0,0,1,1,1,,,,,,,,,,,,,,
118,70,0,0,0,1,1,1,,,,,,,,,,,,,,
119,71,0,0,0,1,1,1,,,,,,,,,,,,,,
119,57,0,0,0,1,1,1,,,,,,,,,,,,,,
120,71,0,0,0,1,1,1,,,,,,,,,,,,,,
120,59,0,0,0,1,1,1,,,,,,,,,,,,,,
121,73,0,0,0,1,1,1,,,,,,,,,,,,,,
121,74,0,0,0,1,1,1,,,,,,,,,,,,,,
122,73,0,0,0,1,1,1,,,,,,,,,,,,,,
122,75,0,0,0,1,1,1,,,,,,,,,,,,,,
123,73,0,0,0,1,1,1,,,,,,,,,,,,,,
123,62,0,0,0,1,1,1,,,,,,,,,,,,,,
124,73,0,0,0,1,1,1,,,,,,,,,,,,,,
124,61,0,0,0,1,1,1,,,,,,,,,,,,,,
125,76,0,0,0,1,1,1,,,,,,,,,,,,,,
125,77,0,0,0,1,1,1,,,,,,,,,,,,,,
126,76,0,0,0,1,1,1,,,,,,,,,,,,,,
126,74,0,0,0,1,1,1,,,,,,,,,,,,,,
127,76,0,0,0,1,1,1,,,,,,,,,,,,,,
127,61,0,0,0,1,1,1,,,,,,,,,,,,,,
128,76,0,0,0,1,1,1,,,,,,,,,,,,,,
128,64,0,0,0,1,1,1,,,,,,,,,,,,,,
129,78,0,0,0,1,1,1,,,,,,,,,,,,,,
129,79,0,0,0,1,1,1,,,,,,,,,,,,,,
130,78,0,0,0,1,1,1,,,,,,,,,,,,,,
130,77,0,0,0,1,1,1,,,,,,,,,,,,,,
131,78,0,0,0,1,1,1,,,,,,,,,,,,,,
131,64,0,0,0,1,1,1,,,,,,,,,,,,,,
132,78,0,0,0,1,1,1,,,,,,,,,,,,,,
132,66,0,0,0,1,1,1,,,,,,,,,,,,,,
133,80,0,0,0,1,1,1,,,,,,,,,,,,,,
133,81,0,0,0,1,1,1,,,,,,,,,,,,,,
134,80,0,0,0,1,1,1,,,,,,,,,,,,,,
134,79,0,0,0,1,1,1,,,,,,,,,,,,,,
135,80,0,0,0,1,1,1,,,,,,,,,,,,,,
135,66,0,0,0,1,1,1,,,,,,,,,,,,,,
136,80,0,0,0,1,1,1,,,,,,,,,,,,,,
136,68,0,0,0,1,1,1,,,,,,,,,,,,,,
137,82,0,0,0,1,1,1,,,,,,,,,,,,,,
137,83,0,0,0,1,1,1,,,,,,,,,,,,,,
138,82,0,0,0,1,1,1,,,,,,,,,,,,,,
138,81,0,0,0,1,1,1,,,,,,,,,,,,,,
139,82,0,0,0,1,1,1,,,,,,,,,,,,,,
139,68,0,0,0,1,1,1,,,,,,,,,,,,,,
140,82,0,0,0,1,1,1,,,,,,,,,,,,,,
140,70,0,0,0,1,1,1,,,,,,,,,,,,,,
141,84,0,0,0,1,1,1,,,,,,,,,,,,,,
141,85,0,0,0,1,1,1,,,,,,,,,,,,,,
142,84,0,0,0,1,1,1,,,,,,,,,,,,,,
142,83,0,0,0,1,1,1,,,,,,,,,,,,,,
143,84,0,0,0,1,1,1,,,,,,,,,,,,,,
143,70,0,0,0,1,1,1,,,,,,,,,,,,,,
144,84,0,0,0,1,1,1,,,,,,,,,,,,,,
144,72,0,0,0,1,1,1,,,,,,,,,,,,,,
145,4,0,0,0,1,1,1,,,,,,,,,,,,,,
145,5,0,0,0,1,1,1,,,,,,,,,,,,,,
146,5,0,0,0,1,1,1,,,,,,,,,,,,,,
146,8,0,0,0,1,1,1,,,,,,,,,,,,,,
147,8,0,0,0,1,1,1,,,,,,,,,,,,,,
147,11,0,0,0,1,1,1,,,,,,,,,,,,,,
148,11,0,0,0,1,1,1,,,,,,,,,,,,,,
148,14,0,0,0,1,1,1,,,,,,,,,,,,,,
149,14,0,0,0,1,1,1,,,,,,,,,,,,,,
149,17,0,0,0,1,1,1,,,,,,,,,,,,,,
150,17,0,0,0,1,1,1,,,,,,,,,,,,,,
150,20,0,0,0,1,1,1,,,,,,,,,,,,,,
151,3,0,0,0,1,1,1,,,,,,,,,,,,,,
151,2,0,0,0,1,1,1,,,,,,,,,,,,,,
152,2,0,0,0,1,1,1,,,,,,,,,,,,,,
152,7,0,0,0,1,1,1,,,,,,,,,,,,,,
153,7,0,0,0,1,1,1,,,,,,,,,,,,,,
153,10,0,0,0,1,1,1,,,,,,,,,,,,,,
154,10,0,0,0,1,1,1,,,,,,,,,,,,,,
154,13,0,0,0,1,1,1,,,,,,,,,,,,,,
155,13,0,0,0,1,1,1,,,,,,,,,,,,,,
155,16,0,0,0,1,1,1,,,,,,,,,,,,,,
156,16,0,0,0,1,1,1,,,,,,,,,,,,,,
156,19,0,0,0,1,1,1,,,,,,,,,,,,,,
157,23,0,0,0,1,1,1,,,,,,,,,,,,,,
157,22,0,0,0,1,1,1,,,,,,,,,,,,,,
158,22,0,0,0,1,1,1,,,,,,,,,,,,,,
158,25,0,0,0,1,1,1,,,,,,,,,,,,,,
159,25,0,0,0,1,1,1,,,,,,,,,,,,,,
159,27,0,0,0,1,1,1,,,,,,,,,,,,,,
160,27,0,0,0,1,1,1,,,,,,,,,,,,,,
160,29,0,0,0,1,1,1,,,,,,,,,,,,,,
161,29,0,0,0,1,1,1,,,,,,,,,,,,,,
161,31,0,0,0,1,1,1,,,,,,,,,,,,,,
162,31,0,0,0,1,1,1,,,,,,,,,,,,,,
162,33,0,0,0,1,1,1,,,,,,,,,,,,,,
163,36,0,0,0,1,1,1,,,,,,,,,,,,,,
163,35,0,0,0,1,1,1,,,,,,,,,,,,,,
164,35,0,0,0,1,1,1,,,,,,,,,,,,,,
164,38,0,0,0,1,1,1,,,,,,,,,,,,,,
165,38,0,0,0,1,1,1,,,,,,,,,,,,,,
165,40,0,0,0,1,1,1,,,,,,,,,,,,,,
166,40,0,0,0,1,1,1,,,,,,,,,,,,,,
166,42,0,0,0,1,1,1,,,,,,,,,,,,,,
167,42,0,0,0,1,1,1,,,,,,,,,,,,,,
167,44,0,0,0,1,1,1,,,,,,,,,,,,,,
168,44,0,0,0,1,1,1,,,,,,,,,,,,,,
168,46,0,0,0,1,1,1,,,,,,,,,,,,,,
169,49,0,0,0,1,1,1,,,,,,,,,,,,,,
169,48,0,0,0,1,1,1,,,,,,,,,,,,,,
170,48,0,0,0,1,1,1,,,,,,,,,,,,,,
170,51,0,0,0,1,1,1,,,,,,,,,,,,,,
171,51,0,0,0,1,1,1,,,,,,,,,,,,,,
171,53,0,0,0,1,1,1,,,,,,,,,,,,,,
172,53,0,0,0,1,1,1,,,,,,,,,,,,,,
172,55,0,0,0,1,1,1,,,,,,,,,,,,,,
173,55,0,0,0,1,1,1,,,,,,,,,,,,,,
173,57,0,0,0,1,1,1,,,,,,,,,,,,,,
174,57,0,0,0,1,1,1,,,,,,,,,,,,,,
174,59,0,0,0,1,1,1,,,,,,,,,,,,,,
175,62,0,0,0,1,1,1,,,,,,,,,,,,,,
175,61,0,0,0,1,1,1,,,,,,,,,,,,,,
176,61,0,0,0,1,1,1,,,,,,,,,,,,,,
176,64,0,0,0,1,1,1,,,,,,,,,,,,,,
177,64,0,0,0,1,1,1,,,,,,,,,,,,,,
177,66,0,0,0,1,1,1,,,,,,,,,,,,,,
178,66,0,0,0,1,1,1,,,,,,,,,,,,,,
178,68,0,0,0,1,1,1,,,,,,,,,,,,,,
179,68,0,0,0,1,1,1,,,,,,,,,,,,,,
179,70,0,0,0,1,1,1,,,,,,,,,,,,,,
180,70,0,0,0,1,1,1,,,,,,,,,,,,,,
180,72,0,0,0,1,1,1,,,,,,,,,,,,,,
181,75,0,0,0,1,1,1,,,,,,,,,,,,,,
181,74,0,0,0,1,1,1,,,,,,,,,,,,,,
182,74,0,0,0,1,1,1,,,,,,,,,,,,,,
182,77,0,0,0,1,1,1,,,,,,,,,,,,,,
183,77,0,0,0,1,1,1,,,,,,,,,,,,,,
183,79,0,0,0,1,1,1,,,,,,,,,,,,,,
184,79,0,0,0,1,1,1,,,,,,,,,,,,,,
184,81,0,0,0,1,1,1,,,,,,,,,,,,,,
185,81,0,0,0,1,1,1,,,,,,,,,,,,,,
185,83,0,0,0,1,1,1,,,,,,,,,,,,,,
186,83,0,0,0,1,1,1,,,,,,,,,,,,,,
186,85,0,0,0,1,1,1,,,,,,,,,,,,,,
187,4,0,0,0,1,1,1,,,,,,,,,,,,,,
187,3,0,0,0,1,1,1,,,,,,,,,,,,,,
188,5,0,0,0,1,1,1,,,,,,,,,,,,,,
188,2,0,0,0,1,1,1,,,,,,,,,,,,,,
189,8,0,0,0,1,1,1,,,,,,,,,,,,,,
189,7,0,0,0,1,1,1,,,,,,,,,,,,,,
190,11,0,0,0,1,1,1,,,,,,,,,,,,,,
190,10,0,0,0,1,1,1,,,,,,,,,,,,,,
191,14,0,0,0,1,1,1,,,,,,,,,,,,,,
191,13,0,0,0,1,1,1,,,,,,,,,,,,,,
192,17,0,0,0,1,1,1,,,,,,,,,,,,,,
192,16,0,0,0,1,1,1,,,,,,,,,,,,,,
193,20,0,0,0,1,1,1,,,,,,,,,,,,,,
193,19,0,0,0,1,1,1,,,,,,,,,,,,,,
194,3,0,0,0,1,1,1,,,,,,,,,,,,,,
194,23,0,0,0,1,1,1,,,,,,,,,,,,,,
195,2,0,0,0,1,1,1,,,,,,,,,,,,,,
195,22,0,0,0,1,1,1,,,,,,,,,,,,,,
196,7,0,0,0,1,1,1,,,,,,,,,,,,,,
196,25,0,0,0,1,1,1,,,,,,,,,,,,,,
197,10,0,0,0,1,1,1,,,,,,,,,,,,,,
197,27,0,0,0,1,1,1,,,,,,,,,,,,,,
198,13,0,0,0,1,1,1,,,,,,,,,,,,,,
198,29,0,0,0,1,1,1,,,,,,,,,,,,,,
199,16,0,0,0,1,1,1,,,,,,,,,,,,,,
199,31,0,0,0,1,1,1,,,,,,,,,,,,,,
200,19,0,0,0,1,1,1,,,,,,,,,,,,,,
200,33,0,0,0,1,1,1,,,,,,,,,,,,,,
201,23,0,0,0,1,1,1,,,,,,,,,,,,,,
201,36,0,0,0,1,1,1,,,,,,,,,,,,,,
202,22,0,0,0,1,1,1,,,,,,,,,,,,,,
202,35,0,0,0,1,1,1,,,,,,,,,,,,,,
203,25,0,0,0,1,1,1,,,,,,,,,,,,,,
203,38,0,0,0,1,1,1,,,,,,,,,,,,,,
204,27,0,0,0,1,1,1,,,,,,,,,,,,,,
204,40,0,0,0,1,1,1,,,,,,,,,,,,,,
205,29,0,0,0,1,1,1,,,,,,,,,,,,,,
205,42,0,0,0,1,1,1,,,,,,,,,,,,,,
206,31,0,0,0,1,1,1,,,,,,,,,,,,,,
206,44,0,0,0,1,1,1,,,,,,,,,,,,,,
207,33,0,0,0,1,1,1,,,,,,,,,,,,,,
207,46,0,0,0,1,1,1,,,,,,,,,,,,,,
208,36,0,0,0,1,1,1,,,,,,,,,,,,,,
208,49,0,0,0,1,1,1,,,,,,,,,,,,,,
209,35,0,0,0,1,1,1,,,,,,,,,,,,,,
209,48,0,0,0,1,1,1,,,,,,,,,,,,,,
210,38,0,0,0,1,1,1,,,,,,,,,,,,,,
210,51,0,0,0,1,1,1,,,,,,,,,,,,,,
211,40,0,0,0,1,1,1,,,,,,,,,,,,,,
211,53,0,0,0,1,1,1,,,,,,,,,,,,,,
212,42,0,0,0,1,1,1,,,,,,,,,,,,,,
212,55,0,0,0,1,1,1,,,,,,,,,,,,,,
213,44,0,0,0,1,1,1,,,,,,,,,,,,,,
213,57,0,0,0,1,1,1,,,,,,,,,,,,,,
214,46,0,0,0,1,1,1,,,,,,,,,,,,,,
214,59,0,0,0,1,1,1,,,,,,,,,,,,,,
215,49,0,0,0,1,1,1,,,,,,,,,,,,,,
215,62,0,0,0,1,1,1,,,,,,,,,,,,,,
216,48,0,0,0,1,1,1,,,,,,,,,,,,,,
216,61,0,0,0,1,1,1,,,,,,,,,,,,,,
217,51,0,0,0,1,1,1,,,,,,,,,,,,,,
217,64,0,0,0,1,1,1,,,,,,,,,,,,,,
218,53,0,0,0,1,1,1,,,,,,,,,,,,,,
218,66,0,0,0,1,1,1,,,,,,,,,,,,,,
219,55,0,0,0,1,1,1,,,,,,,,,,,,,,
219,68,0,0,0,1,1,1,,,,,,,,,,,,,,
220,57,0,0,0,1,1,1,,,,,,,,,,,,,,
220,70,0,0,0,1,1,1,,,,,,,,,,,,,,
221,59,0,0,0,1,1,1,,,,,,,,,,,,,,
221,72,0,0,0,1,1,1,,,,,,,,,,,,,,
222,62,0,0,0,1,1,1,,,,,,,,,,,,,,
222,75,0,0,0,1,1,1,,,,,,,,,,,,,,
223,61,0,0,0,1,1,1,,,,,,,,,,,,,,
223,74,0,0,0,1,1,1,,,,,,,,,,,,,,
224,64,0,0,0,1,1,1,,,,,,,,,,,,,,
224,77,0,0,0,1,1,1,,,,,,,,,,,,,,
225,66,0,0,0,1,1,1,,,,,,,,,,,,,,
225,79,0,0,0,1,1,1,,,,,,,,,,,,,,
226,68,0,0,0,1,1,1,,,,,,,,,,,,,,
226,81,0,0,0,1,1,1,,,,,,,,,,,,,,
227,70,0,0,0,1,1,1,,,,,,,,,,,,,,
227,83,0,0,0,1,1,1,,,,,,,,,,,,,,
228,72,0,0,0,1,1,1,,,,,,,,,,,,,,
228,85,0,0,0,1,1,1,,,,,,,,,,,,,,
229,1,0,0,0,1,1,1,,,,,,,,,,,,,,
229,6,0,0,0,1,1,1,,,,,,,,,,,,,,
230,6,0,0,0,1,1,1,,,,,,,,,,,,,,
230,9,0,0,0,1,1,1,,,,,,,,,,,,,,
231,9,0,0,0,1,1,1,,,,,,,,,,,,,,
231,12,0,0,0,1,1,1,,,,,,,,,,,,,,
232,12,0,0,0,1,1,1,,,,,,,,,,,,,,
232,15,0,0,0,1,1,1,,,,,,,,,,,,,,
233,15,0,0,0,1,1,1,,,,,,,,,,,,,,
233,18,0,0,0,1,1,1,,,,,,,,,,,,,,
234,21,0,0,0,1,1,1,,,,,,,,,,,,,,
234,24,0,0,0,1,1,1,,,,,,,,,,,,,,
235,24,0,0,0,1,1,1,,,,,,,,,,,,,,
235,26,0,0,0,1,1,1,,,,,,,,,,,,,,
236,26,0,0,0,1,1,1,,,,,,,,,,,,,,
236,28,0,0,0,1,1,1,,,,,,,,,,,,,,
237,28,0,0,0,1,1,1,,,,,,,,,,,,,,
237,30,0,0,0,1,1,1,,,,,,,,,,,,,,
238,30,0,0,0,1,1,1,,,,,,,,,,,,,,
238,32,0,0,0,1,1,1,,,,,,,,,,,,,,
239,34,0,0,0,1,1,1,,,,,,,,,,,,,,
239,37,0,0,0,1,1,1,,,,,,,,,,,,,,
240,37,0,0,0,1,1,1,,,,,,,,,,,,,,
240,39,0,0,0,1,1,1,,,,,,,,,,,,,,
241,39,0,0,0,1,1,1,,,,,,,,,,,,,,
241,41,0,0,0,1,1,1,,,,,,,,,,,,,,
242,41,0,0,0,1,1,1,,,,,,,,,,,,,,
242,43,0,0,0,1,1,1,,,,,,,,,,,,,,
243,43,0,0,0,1,1,1,,,,,,,,,,,,,,
243,45,0,0,0,1,1,1,,,,,,,,,,,,,,
244,47,0,0,0,1,1,1,,,,,,,,,,,,,,
244,50,0,0,0,1,1,1,,,,,,,,,,,,,,
245,50,0,0,0,1,1,1,,,,,,,,,,,,,,
245,52,0,0,0,1,1,1,,,,,,,,,,,,,,
246,52,0,0,0,1,1,1,,,,,,,,,,,,,,
246,54,0,0,0,1,1,1,,,,,,,,,,,,,,
247,54,0,0,0,1,1,1,,,,,,,,,,,,,,
247,56,0,0,0,1,1,1,,,,,,,,,,,,,,
248,56,0,0,0,1,1,1,,,,,,,,,,,,,,
248,58,0,0,0,1,1,1,,,,,,,,,,,,,,
249,60,0,0,0,1,1,1,,,,,,,,,,,,,,
249,63,0,0,0,1,1,1,,,,,,,,,,,,,,
250,63,0,0,0,1,1,1,,,,,,,,,,,,,,
250,65,0,0,0,1,1,1,,,,,,,,,,,,,,
251,65,0,0,0,1,1,1,,,,,,,,,,,,,,
251,67,0,0,0,1,1,1,,,,,,,,,,,,,,
252,67,0,0,0,1,1,1,,,,,,,,,,,,,,
252,69,0,0,0,1,1,1,,,,,,,,,,,,,,
253,69,0,0,0,1,1,1,,,,,,,,,,,,,,
253,71,0,0,0,1,1,1,,,,,,,,,,,,,,
254,73,0,0,0,1,1,1,,,,,,,,,,,,,,
254,76,0,0,0,1,1,1,,,,,,,,,,,,,,
255,76,0,0,0,1,1,1,,,,,,,,,,,,,,
255,78,0,0,0,1,1,1,,,,,,,,,,,,,,
256,78,0,0,0,1,1,1,,,,,,,,,,,,,,
256,80,0,0,0,1,1,1,,,,,,,,,,,,,,
257,80,0,0,0,1,1,1,,,,,,,,,,,,,,
257,82,0,0,0,1,1,1,,,,,,,,,,,,,,
258,82,0,0,0,1,1,1,,,,,,,,,,,,,,
258,84,0,0,0,1,1,1,,,,,,,,,,,,,,
259,1,0,0,0,1,1,1,,,,,,,,,,,,,,
259,21,0,0,0,1,1,1,,,,,,,,,,,,,,
260,6,0,0,0,1,1,1,,,,,,,,,,,,,,
260,24,0,0,0,1,1,1,,,,,,,,,,,,,,
261,9,0,0,0,1,1,1,,,,,,,,,,,,,,
261,26,0,0,0,1,1,1,,,,,,,,,,,,,,
262,12,0,0,0,1,1,1,,,,,,,,,,,,,,
262,28,0,0,0,1,1,1,,,,,,,,,,,,,,
263,15,0,0,0,1,1,1,,,,,,,,,,,,,,
263,30,0,0,0,1,1,1,,,,,,,,,,,,,,
264,18,0,0,0,1,1,1,,,,,,,,,,,,,,
264,32,0,0,0,1,1,1,,,,,,,,,,,,,,
265,21,0,0,0,1,1,1,,,,,,,,,,,,,,
265,34,0,0,0,1,1,1,,,,,,,,,,,,,,
266,24,0,0,0,1,1,1,,,,,,,,,,,,,,
266,37,0,0,0,1,1,1,,,,,,,,,,,,,,
267,26,0,0,0,1,1,1,,,,,,,,,,,,,,
267,39,0,0,0,1,1,1,,,,,,,,,,,,,,
268,28,0,0,0,1,1,1,,,,,,,,,,,,,,
268,41,0,0,0,1,1,1,,,,,,,,,,,,,,
269,30,0,0,0,1,1,1,,,,,,,,,,,,,,
269,43,0,0,0,1,1,1,,,,,,,,,,,,,,
270,32,0,0,0,1,1,1,,,,,,,,,,,,,,
270,45,0,0,0,1,1,1,,,,,,,,,,,,,,
271,34,0,0,0,1,1,1,,,,,,,,,,,,,,
271,47,0,0,0,1,1,1,,,,,,,,,,,,,,
272,37,0,0,0,1,1,1,,,,,,,,,,,,,,
272,50,0,0,0,1,1,1,,,,,,,,,,,,,,
273,39,0,0,0,1,1,1,,,,,,,,,,,,,,
273,52,0,0,0,1,1,1,,,,,,,,,,,,,,
274,41,0,0,0,1,1,1,,,,,,,,,,,,,,
274,54,0,0,0,1,1,1,,,,,,,,,,,,,,
275,43,0,0,0,1,1,1,,,,,,,,,,,,,,
275,56,0,0,0,1,1,1,,,,,,,,,,,,,,
276,45,0,0,0,1,1,1,,,,,,,,,,,,,,
276,58,0,0,0,1,1,1,,,,,,,,,,,,,,
277,47,0,0,0,1,1,1,,,,,,,,,,,,,,
277,60,0,0,0,1,1,1,,,,,,,,,,,,,,
278,50,0,0,0,1,1,1,,,,,,,,,,,,,,
278,63,0,0,0,1,1,1,,,,,,,,,,,,,,
279,52,0,0,0,1,1,1,,,,,,,,,,,,,,
279,65,0,0,0,1,1,1,,,,,,,,,,,,,,
280,54,0,0,0,1,1,1,,,,,,,,,,,,,,
280,67,0,0,0,1,1,1,,,,,,,,,,,,,,
281,56,0,0,0,1,1,1,,,,,,,,,,,,,,
281,69,0,0,0,1,1,1,,,,,,,,,,,,,,
282,58,0,0,0,1,1,1,,,,,,,,,,,,,,
282,71,0,0,0,1,1,1,,,,,,,,,,,,,,
283,60,0,0,0,1,1,1,,,,,,,,,,,,,,
283,73,0,0,0,1,1,1,,,,,,,,,,,,,,
284,63,0,0,0,1,1,1,,,,,,,,,,,,,,
284,76,0,0,0,1,1,1,,,,,,,,,,,,,,
285,65,0,0,0,1,1,1,,,,,,,,,,,,,,
285,78,0,0,0,1,1,1,,,,,,,,,,,,,,
286,67,0,0,0,1,1,1,,,,,,,,,,,,,,
286,80,0,0,0,1,1,1,,,,,,,,,,,,,,
287,69,0,0,0,1,1,1,,,,,,,,,,,,,,
287,82,0,0,0,1,1,1,,,,,,,,,,,,,,
288,71,0,0,0,1,1,1,,,,,,,,,,,,,,
288,84,0,0,0,1,1,1,,,,,,,,,,,,,,
289,86,0,0,0,0,0,0,,,,,,,,,,,,,,
289,1,0,0,0,0,0,0,,,,,,,,,,,,,,
290,87,0,0,0,0,0,0,,,,,,,,,,,,,,
290,18,0,0,0,0,0,0,,,,,,,,,,,,,,
291,88,0,0,0,0,0,0,,,,,,,,,,,,,,
291,73,0,0,0,0,0,0,,,,,,,,,,,,,,
292,89,0,0,0,0,0,0,,,,,,,,,,,,,,
292,84,0,0,0,0,0,0,,,,,,,,,,,,,,
MATERIALS,,,,,,,,,,,,,,,,,,,,,
ID,Name,E,G,Fy,Fu,Poisson,,,,,,,,,,,,,,,
1,Steel,200000,76923.1,350,490,0.3,,,,,,,,,,,,,,,
SECTIONS,,,,,,,,,,,,,,,,,,,,,
ID,Family,Name,Area,Iy,Iz,J,,,,,,,,,,,,,,,
1,NB,NB32X3.2,394.1,76199.6,76199.6,152399.2,,,,,,,,,,,,,,,
2,NB,NB40X3.2,453.4,115856.5,115856.5,231713,,,,,,,,,,,,,,,
3,NB,NB50X3.6,641.3,258737.1,258737.1,517474.3,,,,,,,,,,,,,,,
4,NB,NB80X3.2,861.6,792058.8,792058.8,1584117.6,,,,,,,,,,,,,,,
5,NB,NB100X3.6,1252,1919836.8,1919836.8,3839673.5,,,,,,,,,,,,,,,
6,NB,NB125X4.5,1911.3,4372032,4372032,8744064,,,,,,,,,,,,,,,
7,NB,NB150X5.4,2709.2,8646984.1,8646984.1,17293968.2,,,,,,,,,,,,,,,
8,NB,NB200X6.3,4211.7,23861392.6,23861392.6,47722785.2,,,,,,,,,,,,,,,
9,NB,NB250X8,6660.2,58517142.6,58517142.6,117034285.2,,,,,,,,,,,,,,,
10,NB,NB300X10,9861.5,121583423.7,121583423.7,243166847.5,,,,,,,,,,,,,,,
11,NB,NB350X12,12953.4,191394735.2,191394735.2,382789470.4,,,,,,,,,,,,,,,
SUPPORTS,,,,,,,,,,,,,,,,,,,,,
Node ID,Tx,Ty,Tz,Rx,Ry,Rz,,,,,,,,,,,,,,,
86,0,0,0,0,0,0,,,,,,,,,,,,,,,
87,0,0,0,0,0,0,,,,,,,,,,,,,,,
88,0,0,0,0,0,0,,,,,,,,,,,,,,,
89,0,0,0,0,0,0,,,,,,,,,,,,,,,
NODE LOADS,,,,,,,,,,,,,,,,,,,,,
Node Id,Load Case,Fx,Fy,Fz,Mx,My,Mz,,,,,,,,,,,,,,
1,1,0,0,-5625,0,0,0,,,,,,,,,,,,,,
2,1,0,0,-6075,0,0,0,,,,,,,,,,,,,,
3,1,0,0,-2025,0,0,0,,,,,,,,,,,,,,
4,1,0,0,-675,0,0,0,,,,,,,,,,,,,,
5,1,0,0,-2025,0,0,0,,,,,,,,,,,,,,
6,1,0,0,-11250,0,0,0,,,,,,,,,,,,,,
7,1,0,0,-8100,0,0,0,,,,,,,,,,,,,,
8,1,0,0,-2700,0,0,0,,,,,,,,,,,,,,
9,1,0,0,-11250,0,0,0,,,,,,,,,,,,,,
10,1,0,0,-8100,0,0,0,,,,,,,,,,,,,,
11,1,0,0,-2700,0,0,0,,,,,,,,,,,,,,
12,1,0,0,-11250,0,0,0,,,,,,,,,,,,,,
13,1,0,0,-8100,0,0,0,,,,,,,,,,,,,,
14,1,0,0,-2700,0,0,0,,,,,,,,,,,,,,
15,1,0,0,-11250,0,0,0,,,,,,,,,,,,,,
16,1,0,0,-6075,0,0,0,,,,,,,,,,,,,,
17,1,0,0,-2025,0,0,0,,,,,,,,,,,,,,
18,1,0,0,-5625,0,0,0,,,,,,,,,,,,,,
19,1,0,0,-2025,0,0,0,,,,,,,,,,,,,,
20,1,0,0,-675,0,0,0,,,,,,,,,,,,,,
21,1,0,0,-11250,0,0,0,,,,,,,,,,,,,,
22,1,0,0,-8100,0,0,0,,,,,,,,,,,,,,
23,1,0,0,-2700,0,0,0,,,,,,,,,,,,,,
24,1,0,0,-22500,0,0,0,,,,,,,,,,,,,,
25,1,0,0,-10800,0,0,0,,,,,,,,,,,,,,
26,1,0,0,-22500,0,0,0,,,,,,,,,,,,,,
27,1,0,0,-10800,0,0,0,,,,,,,,,,,,,,
28,1,0,0,-22500,0,0,0,,,,,,,,,,,,,,
29,1,0,0,-10800,0,0,0,,,,,,,,,,,,,,
30,1,0,0,-22500,0,0,0,,,,,,,,,,,,,,
31,1,0,0,-8100,0,0,0,,,,,,,,,,,,,,
32,1,0,0,-11250,0,0,0,,,,,,,,,,,,,,
33,1,0,0,-2700,0,0,0,,,,,,,,,,,,,,
34,1,0,0,-11250,0,0,0,,,,,,,,,,,,,,
35,1,0,0,-8100,0,0,0,,,,,,,,,,,,,,
36,1,0,0,-2700,0,0,0,,,,,,,,,,,,,,
37,1,0,0,-22500,0,0,0,,,,,,,,,,,,,,
38,1,0,0,-10800,0,0,0,,,,,,,,,,,,,,
39,1,0,0,-22500,0,0,0,,,,,,,,,,,,,,
40,1,0,0,-10800,0,0,0,,,,,,,,,,,,,,
41,1,0,0,-22500,0,0,0,,,,,,,,,,,,,,
42,1,0,0,-10800,0,0,0,,,,,,,,,,,,,,
43,1,0,0,-22500,0,0,0,,,,,,,,,,,,,,
44,1,0,0,-8100,0,0,0,,,,,,,,,,,,,,
45,1,0,0,-11250,0,0,0,,,,,,,,,,,,,,
46,1,0,0,-2700,0,0,0,,,,,,,,,,,,,,
47,1,0,0,-11250,0,0,0,,,,,,,,,,,,,,
48,1,0,0,-8100,0,0,0,,,,,,,,,,,,,,
49,1,0,0,-2700,0,0,0,,,,,,,,,,,,,,
50,1,0,0,-22500,0,0,0,,,,,,,,,,,,,,
51,1,0,0,-10800,0,0,0,,,,,,,,,,,,,,
52,1,0,0,-22500,0,0,0,,,,,,,,,,,,,,
53,1,0,0,-10800,0,0,0,,,,,,,,,,,,,,
54,1,0,0,-22500,0,0,0,,,,,,,,,,,,,,
55,1,0,0,-10800,0,0,0,,,,,,,,,,,,,,
56,1,0,0,-22500,0,0,0,,,,,,,,,,,,,,
57,1,0,0,-8100,0,0,0,,,,,,,,,,,,,,
58,1,0,0,-11250,0,0,0,,,,,,,,,,,,,,
59,1,0,0,-2700,0,0,0,,,,,,,,,,,,,,
60,1,0,0,-11250,0,0,0,,,,,,,,,,,,,,
61,1,0,0,-6075,0,0,0,,,,,,,,,,,,,,
62,1,0,0,-2025,0,0,0,,,,,,,,,,,,,,
63,1,0,0,-22500,0,0,0,,,,,,,,,,,,,,
64,1,0,0,-8100,0,0,0,,,,,,,,,,,,,,
65,1,0,0,-22500,0,0,0,,,,,,,,,,,,,,
66,1,0,0,-8100,0,0,0,,,,,,,,,,,,,,
67,1,0,0,-22500,0,0,0,,,,,,,,,,,,,,
68,1,0,0,-8100,0,0,0,,,,,,,,,,,,,,
69,1,0,0,-22500,0,0,0,,,,,,,,,,,,,,
70,1,0,0,-6075,0,0,0,,,,,,,,,,,,,,
71,1,0,0,-11250,0,0,0,,,,,,,,,,,,,,
72,1,0,0,-2025,0,0,0,,,,,,,,,,,,,,
73,1,0,0,-5625,0,0,0,,,,,,,,,,,,,,
74,1,0,0,-2025,0,0,0,,,,,,,,,,,,,,
75,1,0,0,-675,0,0,0,,,,,,,,,,,,,,
76,1,0,0,-11250,0,0,0,,,,,,,,,,,,,,
77,1,0,0,-2700,0,0,0,,,,,,,,,,,,,,
78,1,0,0,-11250,0,0,0,,,,,,,,,,,,,,
79,1,0,0,-2700,0,0,0,,,,,,,,,,,,,,
80,1,0,0,-11250,0,0,0,,,,,,,,,,,,,,
81,1,0,0,-2700,0,0,0,,,,,,,,,,,,,,
82,1,0,0,-11250,0,0,0,,,,,,,,,,,,,,
83,1,0,0,-2025,0,0,0,,,,,,,,,,,,,,
84,1,0,0,-5625,0,0,0,,,,,,,,,,,,,,
85,1,0,0,-675,0,0,0,,,,,,,,,,,,,,
2,2,0,0,-50625,0,0,0,,,,,,,,,,,,,,
3,2,0,0,-16875,0,0,0,,,,,,,,,,,,,,
4,2,0,0,-5625,0,0,0,,,,,,,,,,,,,,
5,2,0,0,-16875,0,0,0,,,,,,,,,,,,,,
7,2,0,0,-67500,0,0,0,,,,,,,,,,,,,,
8,2,0,0,-22500,0,0,0,,,,,,,,,,,,,,
10,2,0,0,-67500,0,0,0,,,,,,,,,,,,,,
11,2,0,0,-22500,0,0,0,,,,,,,,,,,,,,
13,2,0,0,-67500,0,0,0,,,,,,,,,,,,,,
14,2,0,0,-22500,0,0,0,,,,,,,,,,,,,,
16,2,0,0,-50625,0,0,0,,,,,,,,,,,,,,
17,2,0,0,-16875,0,0,0,,,,,,,,,,,,,,
19,2,0,0,-16875,0,0,0,,,,,,,,,,,,,,
20,2,0,0,-5625,0,0,0,,,,,,,,,,,,,,
22,2,0,0,-67500,0,0,0,,,,,,,,,,,,,,
23,2,0,0,-22500,0,0,0,,,,,,,,,,,,,,
25,2,0,0,-90000,0,0,0,,,,,,,,,,,,,,
27,2,0,0,-90000,0,0,0,,,,,,,,,,,,,,
29,2,0,0,-90000,0,0,0,,,,,,,,,,,,,,
31,2,0,0,-67500,0,0,0,,,,,,,,,,,,,,
33,2,0,0,-22500,0,0,0,,,,,,,,,,,,,,
35,2,0,0,-67500,0,0,0,,,,,,,,,,,,,,
36,2,0,0,-22500,0,0,0,,,,,,,,,,,,,,
38,2,0,0,-90000,0,0,0,,,,,,,,,,,,,,
40,2,0,0,-90000,0,0,0,,,,,,,,,,,,,,
42,2,0,0,-90000,0,0,0,,,,,,,,,,,,,,
44,2,0,0,-67500,0,0,0,,,,,,,,,,,,,,
46,2,0,0,-22500,0,0,0,,,,,,,,,,,,,,
48,2,0,0,-67500,0,0,0,,,,,,,,,,,,,,
49,2,0,0,-22500,0,0,0,,,,,,,,,,,,,,
51,2,0,0,-90000,0,0,0,,,,,,,,,,,,,,
53,2,0,0,-90000,0,0,0,,,,,,,,,,,,,,
55,2,0,0,-90000,0,0,0,,,,,,,,,,,,,,
57,2,0,0,-67500,0,0,0,,,,,,,,,,,,,,
59,2,0,0,-22500,0,0,0,,,,,,,,,,,,,,
61,2,0,0,-50625,0,0,0,,,,,,,,,,,,,,
62,2,0,0,-16875,0,0,0,,,,,,,,,,,,,,
64,2,0,0,-67500,0,0,0,,,,,,,,,,,,,,
66,2,0,0,-67500,0,0,0,,,,,,,,,,,,,,
68,2,0,0,-67500,0,0,0,,,,,,,,,,,,,,
70,2,0,0,-50625,0,0,0,,,,,,,,,,,,,,
72,2,0,0,-16875,0,0,0,,,,,,,,,,,,,,
74,2,0,0,-16875,0,0,0,,,,,,,,,,,,,,
75,2,0,0,-5625,0,0,0,,,,,,,,,,,,,,
77,2,0,0,-22500,0,0,0,,,,,,,,,,,,,,
79,2,0,0,-22500,0,0,0,,,,,,,,,,,,,,
81,2,0,0,-22500,0,0,0,,,,,,,,,,,,,,
83,2,0,0,-16875,0,0,0,,,,,,,,,,,,,,
85,2,0,0,-5625,0,0,0,,,,,,,,,,,,,,
MEMBER DESIGN DATA,,,,,,,,,,,,,,,,,,,,,
Family,Section ID,Tensile Cap,Shear Strenth-Y,Shear Strength-Z,Moment Y Cap,Moment Z Cap,End Plate Dia,End Plate Th,Cone Th,Cone Length,Bolt Name,No of Bolts,Bolt Size,Bolt Grade,Dia,Th,B,D,Fl Th,Web Th,Lip
NB,1,125389.5,46087.2,46087.2,1372376.6,1372376.6,0,12,0,0,M20-8.8,1,20,8.8,42.4,3.2,,,,,
NB,2,144261.9,53023.8,53023.8,1831723.4,1831723.4,0,16,0,0,M20-8.8,1,20,8.8,48.3,3.2,,,,,
NB,3,204037.9,74994.7,74994.7,3276635.1,3276635.1,0,8,0,0,M16-8.8,1,16,8.8,60.3,3.6,,,,,
NB,3,204037.9,74994.7,74994.7,3276635.1,3276635.1,0,16,0,0,M24-8.8,1,24,8.8,60.3,3.6,,,,,
NB,4,274129.7,100757.1,100757.1,6803654.6,6803654.6,0,12,0,0,M12-8.8,3,12,8.8,88.9,3.2,,,,,
NB,4,274129.7,100757.1,100757.1,6803654.6,6803654.6,0,16,0,0,M16-8.8,3,16,8.8,88.9,3.2,,,,,
NB,5,398359.7,146418.1,146418.1,12826396.9,12826396.9,0,12,0,0,M12-8.8,4,12,8.8,114.3,3.6,,,,,
NB,5,398359.7,146418.1,146418.1,12826396.9,12826396.9,0,16,0,0,M20-8.8,4,20,8.8,114.3,3.6,,,,,
NB,6,608155.2,223529,223529,23898658.6,23898658.6,0,12,0,0,M12-8.8,4,12,8.8,139.7,4.5,,,,,
NB,6,608155.2,223529,223529,23898658.6,23898658.6,0,20,0,0,M20-8.8,4,20,8.8,139.7,4.5,,,,,
NB,7,862033,316842.5,316842.5,39994860.5,39994860.5,0,12,0,0,M12-8.8,6,12,8.8,165.1,5.4,,,,,
NB,7,862033,316842.5,316842.5,39994860.5,39994860.5,0,25,0,0,M20-8.8,6,20,8.8,165.1,5.4,,,,,
NB,8,1340100.6,492557.5,492557.5,83164888.5,83164888.5,0,12,10,23,M16-8.8,6,16,8.8,219.1,6.3,,,,,
NB,8,1340100.6,492557.5,492557.5,83164888.5,83164888.5,0,25,10,23,M24-8.8,6,24,8.8,219.1,6.3,,,,,
NB,9,2119147,778898,778898,163684315,163684315,0,20,12,88,M20-8.8,6,20,8.8,273,8,,,,,
NB,9,2119147,778898,778898,163684315,163684315,0,32,12,88,M30-8.8,6,30,8.8,273,8,,,,,
NB,10,3137737.1,1153283.4,1153283.4,286648729.8,286648729.8,0,20,20,150,M20-8.8,6,20,8.8,323.9,10,,,,,
NB,10,3137737.1,1153283.4,1153283.4,286648729.8,286648729.8,0,45,20,150,M36-12.9,6,36,12.9,323.9,10,,,,,
NB,11,4121541.1,1514883.1,1514883.1,411012316.1,411012316.1,0,20,20,188,M24-8.8,6,24,8.8,355.6,12,,,,,
NB,11,4121541.1,1514883.1,1514883.1,411012316.1,411012316.1,0,50,20,188,M36-12.9,6,36,12.9,355.6,12,,,,,